{"cameraMode":{"drawMode":0,"name":"Shaded","section":"Shading Mode"},"sceneLighting":true,"audioPlay":false,"sceneViewState":{"showFog":true,"showMaterialUpdate":false,"showSkybox":true,"showFlares":true,"showImageEffects":true,"showParticleSystems":true},"in2DMode":false,"pivot":{"x":0.06425763666629791,"y":6.625814437866211,"z":-7.440749168395996},"rotation":{"x":0.27496135234832766,"y":-0.31005609035491946,"z":0.09417607635259628,"w":0.9052029252052307},"size":64.94354248046875,"orthographic":true}