{"cameraMode":{"drawMode":0,"name":"Shaded","section":"Shading Mode"},"sceneLighting":false,"audioPlay":false,"sceneViewState":{"showFog":true,"showMaterialUpdate":false,"showSkybox":true,"showFlares":true,"showImageEffects":true,"showParticleSystems":true},"in2DMode":false,"pivot":{"x":2.375,"y":1.2323729991912842,"z":-2.4749999046325685},"rotation":{"x":0.09030861407518387,"y":0.10081011801958084,"z":-0.00918904785066843,"w":0.9907559156417847},"size":4.196380615234375,"orthographic":true}