{"cameraMode":{"drawMode":0,"name":"Shaded","section":"Shading Mode"},"sceneLighting":true,"audioPlay":false,"sceneViewState":{"showFog":true,"showMaterialUpdate":false,"showSkybox":true,"showFlares":true,"showImageEffects":true,"showParticleSystems":true},"in2DMode":false,"pivot":{"x":-95.32566833496094,"y":202.9852752685547,"z":-761.3299560546875},"rotation":{"x":0.09030861407518387,"y":0.10081011801958084,"z":-0.00918904785066843,"w":0.9907559156417847},"size":81.14025115966797,"orthographic":true}