{"cameraMode":{"drawMode":0,"name":"Shaded","section":"Shading Mode"},"sceneLighting":true,"audioPlay":false,"sceneViewState":{"showFog":true,"showMaterialUpdate":false,"showSkybox":true,"showFlares":true,"showImageEffects":true,"showParticleSystems":true},"in2DMode":false,"pivot":{"x":30.14084815979004,"y":21.621715545654298,"z":-32.45603942871094},"rotation":{"x":0.21542443335056306,"y":-0.3598165214061737,"z":0.08576802909374237,"w":0.903752326965332},"size":64.36740112304688,"orthographic":true}