{"cameraMode":{"drawMode":0,"name":"Shaded","section":"Shading Mode"},"sceneLighting":true,"audioPlay":false,"sceneViewState":{"showFog":true,"showMaterialUpdate":false,"showSkybox":true,"showFlares":true,"showImageEffects":true,"showParticleSystems":true},"in2DMode":false,"pivot":{"x":-18.990245819091798,"y":1.8639659881591797,"z":-4.822757720947266},"rotation":{"x":0.17348675429821015,"y":0.12519074976444245,"z":-0.02223919704556465,"w":0.9765936136245728},"size":24.99770164489746,"orthographic":false}