{"cameraMode":{"drawMode":0,"name":"Shaded","section":"Shading Mode"},"sceneLighting":true,"audioPlay":false,"sceneViewState":{"showFog":true,"showMaterialUpdate":false,"showSkybox":true,"showFlares":true,"showImageEffects":true,"showParticleSystems":true},"in2DMode":false,"pivot":{"x":-12.041058540344239,"y":-21.78073501586914,"z":6.836614608764648},"rotation":{"x":0.3611215651035309,"y":0.15969447791576386,"z":-0.06291698664426804,"w":0.9165862798690796},"size":47.415924072265628,"orthographic":false}